0500000US51041,"Chesterfield County, Virginia",106066,4957,51041,4/10/2026,2026,Stimulant,Locality,Chesterfield County and Colonial Heights City,51041,Yes,7,1.4
0500000US51041,"Chesterfield County, Virginia",106066,4957,51041,4/10/2026,2024,Stimulant,Locality,Chesterfield County and Colonial Heights City,51041,Yes,32,1.6
0500000US51041,"Chesterfield County, Virginia",106066,4957,51041,4/10/2026,2023,Stimulant,Locality,Chesterfield County and Colonial Heights City,51041,Yes,47,2.5
0500000US51041,"Chesterfield County, Virginia",106066,4957,51041,4/10/2026,2022,Stimulant,Locality,Chesterfield County and Colonial Heights City,51041,Yes,44,2.6
0500000US51041,"Chesterfield County, Virginia",106066,4957,51041,4/10/2026,2021,Stimulant,Locality,Chesterfield County and Colonial Heights City,51041,Yes,69,4.5
0500000US51041,"Chesterfield County, Virginia",106066,4957,51041,4/10/2026,2026,Opioid,Locality,Chesterfield County and Colonial Heights City,51041,Yes,63,12.5
0500000US51041,"Chesterfield County, Virginia",106066,4957,51041,4/10/2026,2025,Opioid,Locality,Chesterfield County and Colonial Heights City,51041,Yes,304,15.1
0500000US51041,"Chesterfield County, Virginia",106066,4957,51041,4/10/2026,2024,Opioid,Locality,Chesterfield County and Colonial Heights City,51041,Yes,336,17
0500000US51041,"Chesterfield County, Virginia",106066,4957,51041,4/10/2026,2022,Opioid,Locality,Chesterfield County and Colonial Heights City,51041,Yes,480,27.9
0500000US51041,"Chesterfield County, Virginia",106066,4957,51041,4/10/2026,2021,Opioid,Locality,Chesterfield County and Colonial Heights City,51041,Yes,588,38.1
0500000US51041,"Chesterfield County, Virginia",106066,4957,51041,4/10/2026,2026,Heroin,Locality,Chesterfield County and Colonial Heights City,51041,Yes,5,1
0500000US51041,"Chesterfield County, Virginia",106066,4957,51041,4/10/2026,2025,Heroin,Locality,Chesterfield County and Colonial Heights City,51041,Yes,14,0.7
0500000US51041,"Chesterfield County, Virginia",106066,4957,51041,4/10/2026,2024,Heroin,Locality,Chesterfield County and Colonial Heights City,51041,Yes,13,0.7
0500000US51041,"Chesterfield County, Virginia",106066,4957,51041,4/10/2026,2023,Heroin,Locality,Chesterfield County and Colonial Heights City,51041,Yes,31,1.6
0500000US51041,"Chesterfield County, Virginia",106066,4957,51041,4/10/2026,2025,All Drug,Locality,Chesterfield County and Colonial Heights City,51041,Yes,783,38.8
0500000US51041,"Chesterfield County, Virginia",106066,4957,51041,4/10/2026,2024,All Drug,Locality,Chesterfield County and Colonial Heights City,51041,Yes,840,42.6
0500000US51041,"Chesterfield County, Virginia",106066,4957,51041,4/10/2026,2023,All Drug,Locality,Chesterfield County and Colonial Heights City,51041,Yes,1006,53.1
0500000US51041,"Chesterfield County, Virginia",106066,4957,51041,4/10/2026,2022,All Drug,Locality,Chesterfield County and Colonial Heights City,51041,Yes,996,57.9
0500000US51041,"Chesterfield County, Virginia",106066,4957,51041,4/10/2026,2021,All Drug,Locality,Chesterfield County and Colonial Heights City,51041,Yes,1096,71.1
0500000US51041,"Chesterfield County, Virginia",106066,4957,51041,4/10/2026,2022,Heroin,Locality,Chesterfield County and Colonial Heights City,51041,Yes,58,3.4
0500000US51041,"Chesterfield County, Virginia",106066,4957,51041,4/10/2026,2021,Heroin,Locality,Chesterfield County and Colonial Heights City,51041,Yes,88,5.7
0500000US51041,"Chesterfield County, Virginia",106066,4957,51041,4/10/2026,2026,All Drug,Locality,Chesterfield County and Colonial Heights City,51041,Yes,158,31.4
0500000US51041,"Chesterfield County, Virginia",106066,4957,51041,4/10/2026,2025,Stimulant,Locality,Chesterfield County and Colonial Heights City,51041,Yes,37,1.8
0500000US51041,"Chesterfield County, Virginia",106066,4957,51041,4/10/2026,2023,Opioid,Locality,Chesterfield County and Colonial Heights City,51041,Yes,426,22.5
0500000US51059,"Fairfax County, Virginia",292397,11528,51059,4/10/2026,2026,Stimulant,Locality,"Fairfax County, Fairfax City, and Falls Church City",51059,Yes,7,0.9
0500000US51059,"Fairfax County, Virginia",292397,11528,51059,4/10/2026,2024,Stimulant,Locality,"Fairfax County, Fairfax City, and Falls Church City",51059,Yes,34,1
0500000US51059,"Fairfax County, Virginia",292397,11528,51059,4/10/2026,2022,Stimulant,Locality,"Fairfax County, Fairfax City, and Falls Church City",51059,Yes,30,1
0500000US51059,"Fairfax County, Virginia",292397,11528,51059,4/10/2026,2021,Stimulant,Locality,"Fairfax County, Fairfax City, and Falls Church City",51059,Yes,40,1.5
0500000US51059,"Fairfax County, Virginia",292397,11528,51059,4/10/2026,2026,Opioid,Locality,"Fairfax County, Fairfax City, and Falls Church City",51059,Yes,136,17.3
0500000US51059,"Fairfax County, Virginia",292397,11528,51059,4/10/2026,2025,Opioid,Locality,"Fairfax County, Fairfax City, and Falls Church City",51059,Yes,631,18.6
0500000US51059,"Fairfax County, Virginia",292397,11528,51059,4/10/2026,2024,Opioid,Locality,"Fairfax County, Fairfax City, and Falls Church City",51059,Yes,647,19.6
0500000US51059,"Fairfax County, Virginia",292397,11528,51059,4/10/2026,2023,Opioid,Locality,"Fairfax County, Fairfax City, and Falls Church City",51059,Yes,727,22.7
0500000US51059,"Fairfax County, Virginia",292397,11528,51059,4/10/2026,2022,Opioid,Locality,"Fairfax County, Fairfax City, and Falls Church City",51059,Yes,608,20.3
0500000US51059,"Fairfax County, Virginia",292397,11528,51059,4/10/2026,2021,Opioid,Locality,"Fairfax County, Fairfax City, and Falls Church City",51059,Yes,652,24.7
0500000US51059,"Fairfax County, Virginia",292397,11528,51059,4/10/2026,2026,Heroin,Locality,"Fairfax County, Fairfax City, and Falls Church City",51059,Yes,1,0.1
0500000US51059,"Fairfax County, Virginia",292397,11528,51059,4/10/2026,2025,Heroin,Locality,"Fairfax County, Fairfax City, and Falls Church City",51059,Yes,*,0.1
0500000US51059,"Fairfax County, Virginia",292397,11528,51059,4/10/2026,2022,Heroin,Locality,"Fairfax County, Fairfax City, and Falls Church City",51059,Yes,31,1
0500000US51059,"Fairfax County, Virginia",292397,11528,51059,4/10/2026,2021,Heroin,Locality,"Fairfax County, Fairfax City, and Falls Church City",51059,Yes,48,1.8
0500000US51059,"Fairfax County, Virginia",292397,11528,51059,4/10/2026,2026,All Drug,Locality,"Fairfax County, Fairfax City, and Falls Church City",51059,Yes,300,38.1
0500000US51059,"Fairfax County, Virginia",292397,11528,51059,4/10/2026,2025,All Drug,Locality,"Fairfax County, Fairfax City, and Falls Church City",51059,Yes,1281,37.7
0500000US51059,"Fairfax County, Virginia",292397,11528,51059,4/10/2026,2023,All Drug,Locality,"Fairfax County, Fairfax City, and Falls Church City",51059,Yes,1501,46.9
0500000US51059,"Fairfax County, Virginia",292397,11528,51059,4/10/2026,2022,All Drug,Locality,"Fairfax County, Fairfax City, and Falls Church City",51059,Yes,1433,47.8
0500000US51059,"Fairfax County, Virginia",292397,11528,51059,4/10/2026,2021,All Drug,Locality,"Fairfax County, Fairfax City, and Falls Church City",51059,Yes,1312,49.7
0500000US51059,"Fairfax County, Virginia",292397,11528,51059,4/10/2026,2025,Stimulant,Locality,"Fairfax County, Fairfax City, and Falls Church City",51059,Yes,45,1.3
0500000US51059,"Fairfax County, Virginia",292397,11528,51059,4/10/2026,2023,Stimulant,Locality,"Fairfax County, Fairfax City, and Falls Church City",51059,Yes,44,1.4
0500000US51059,"Fairfax County, Virginia",292397,11528,51059,4/10/2026,2023,Heroin,Locality,"Fairfax County, Fairfax City, and Falls Church City",51059,Yes,11,0.3
0500000US51059,"Fairfax County, Virginia",292397,11528,51059,4/10/2026,2024,All Drug,Locality,"Fairfax County, Fairfax City, and Falls Church City",51059,Yes,1323,40.2
0500000US51059,"Fairfax County, Virginia",292397,11528,51059,4/10/2026,2024,Heroin,Locality,"Fairfax County, Fairfax City, and Falls Church City",51059,Yes,11,0.3
0500000US51085,"Hanover County, Virginia",32277,1740,51085,4/10/2026,2026,Stimulant,Locality,Hanover,51085,No,2,1.7
0500000US51085,"Hanover County, Virginia",32277,1740,51085,4/10/2026,2025,Stimulant,Locality,Hanover,51085,No,12,2.6
0500000US51085,"Hanover County, Virginia",32277,1740,51085,4/10/2026,2024,Stimulant,Locality,Hanover,51085,No,7,1.5
0500000US51085,"Hanover County, Virginia",32277,1740,51085,4/10/2026,2023,Stimulant,Locality,Hanover,51085,No,8,1.8
0500000US51085,"Hanover County, Virginia",32277,1740,51085,4/10/2026,2022,Stimulant,Locality,Hanover,51085,No,8,1.9
0500000US51085,"Hanover County, Virginia",32277,1740,51085,4/10/2026,2024,Opioid,Locality,Hanover,51085,No,81,17.4
0500000US51085,"Hanover County, Virginia",32277,1740,51085,4/10/2026,2023,Opioid,Locality,Hanover,51085,No,102,23.1
0500000US51085,"Hanover County, Virginia",32277,1740,51085,4/10/2026,2022,Opioid,Locality,Hanover,51085,No,117,28.3
0500000US51085,"Hanover County, Virginia",32277,1740,51085,4/10/2026,2021,Opioid,Locality,Hanover,51085,No,116,30.4
0500000US51085,"Hanover County, Virginia",32277,1740,51085,4/10/2026,2026,Heroin,Locality,Hanover,51085,No,0,0
0500000US51085,"Hanover County, Virginia",32277,1740,51085,4/10/2026,2025,Heroin,Locality,Hanover,51085,No,*,0.9
0500000US51085,"Hanover County, Virginia",32277,1740,51085,4/10/2026,2023,Heroin,Locality,Hanover,51085,No,15,3.4
0500000US51085,"Hanover County, Virginia",32277,1740,51085,4/10/2026,2022,Heroin,Locality,Hanover,51085,No,10,2.4
0500000US51085,"Hanover County, Virginia",32277,1740,51085,4/10/2026,2021,Heroin,Locality,Hanover,51085,No,24,6.3
0500000US51085,"Hanover County, Virginia",32277,1740,51085,4/10/2026,2026,All Drug,Locality,Hanover,51085,No,48,40.2
0500000US51085,"Hanover County, Virginia",32277,1740,51085,4/10/2026,2025,All Drug,Locality,Hanover,51085,No,149,32.2
0500000US51085,"Hanover County, Virginia",32277,1740,51085,4/10/2026,2023,All Drug,Locality,Hanover,51085,No,220,49.9
0500000US51085,"Hanover County, Virginia",32277,1740,51085,4/10/2026,2022,All Drug,Locality,Hanover,51085,No,213,51.5
0500000US51085,"Hanover County, Virginia",32277,1740,51085,4/10/2026,2021,Stimulant,Locality,Hanover,51085,No,13,3.4
0500000US51085,"Hanover County, Virginia",32277,1740,51085,4/10/2026,2024,Heroin,Locality,Hanover,51085,No,5,1.1
0500000US51085,"Hanover County, Virginia",32277,1740,51085,4/10/2026,2025,Opioid,Locality,Hanover,51085,No,65,14
0500000US51085,"Hanover County, Virginia",32277,1740,51085,4/10/2026,2024,All Drug,Locality,Hanover,51085,No,189,40.5
0500000US51085,"Hanover County, Virginia",32277,1740,51085,4/10/2026,2021,All Drug,Locality,Hanover,51085,No,253,66.3
0500000US51085,"Hanover County, Virginia",32277,1740,51085,4/10/2026,2026,Opioid,Locality,Hanover,51085,No,20,16.7
0500000US51087,"Henrico County, Virginia",88480,6729,51087,4/10/2026,2026,Stimulant,Locality,Henrico,51087,No,9,2.3
0500000US51087,"Henrico County, Virginia",88480,6729,51087,4/10/2026,2025,Stimulant,Locality,Henrico,51087,No,51,3.2
0500000US51087,"Henrico County, Virginia",88480,6729,51087,4/10/2026,2024,Stimulant,Locality,Henrico,51087,No,44,2.8
0500000US51087,"Henrico County, Virginia",88480,6729,51087,4/10/2026,2022,Stimulant,Locality,Henrico,51087,No,42,2.9
0500000US51087,"Henrico County, Virginia",88480,6729,51087,4/10/2026,2021,Stimulant,Locality,Henrico,51087,No,50,4
0500000US51087,"Henrico County, Virginia",88480,6729,51087,4/10/2026,2026,Opioid,Locality,Henrico,51087,No,76,19.6
0500000US51087,"Henrico County, Virginia",88480,6729,51087,4/10/2026,2025,Opioid,Locality,Henrico,51087,No,404,25.6
0500000US51087,"Henrico County, Virginia",88480,6729,51087,4/10/2026,2024,Opioid,Locality,Henrico,51087,No,463,29.6
0500000US51087,"Henrico County, Virginia",88480,6729,51087,4/10/2026,2023,Opioid,Locality,Henrico,51087,No,606,40.1
0500000US51087,"Henrico County, Virginia",88480,6729,51087,4/10/2026,2022,Opioid,Locality,Henrico,51087,No,597,41.6
0500000US51087,"Henrico County, Virginia",88480,6729,51087,4/10/2026,2021,Opioid,Locality,Henrico,51087,No,476,38
0500000US51087,"Henrico County, Virginia",88480,6729,51087,4/10/2026,2026,Heroin,Locality,Henrico,51087,No,6,1.5
0500000US51087,"Henrico County, Virginia",88480,6729,51087,4/10/2026,2025,Heroin,Locality,Henrico,51087,No,17,1.1
0500000US51087,"Henrico County, Virginia",88480,6729,51087,4/10/2026,2024,Heroin,Locality,Henrico,51087,No,27,1.7
0500000US51087,"Henrico County, Virginia",88480,6729,51087,4/10/2026,2023,Heroin,Locality,Henrico,51087,No,87,5.8
0500000US51087,"Henrico County, Virginia",88480,6729,51087,4/10/2026,2022,Heroin,Locality,Henrico,51087,No,69,4.8
0500000US51087,"Henrico County, Virginia",88480,6729,51087,4/10/2026,2021,Heroin,Locality,Henrico,51087,No,87,7
0500000US51087,"Henrico County, Virginia",88480,6729,51087,4/10/2026,2026,All Drug,Locality,Henrico,51087,No,161,41.5
0500000US51087,"Henrico County, Virginia",88480,6729,51087,4/10/2026,2025,All Drug,Locality,Henrico,51087,No,828,52.4
0500000US51087,"Henrico County, Virginia",88480,6729,51087,4/10/2026,2024,All Drug,Locality,Henrico,51087,No,919,58.7
0500000US51087,"Henrico County, Virginia",88480,6729,51087,4/10/2026,2022,All Drug,Locality,Henrico,51087,No,1079,75.2
0500000US51087,"Henrico County, Virginia",88480,6729,51087,4/10/2026,2021,All Drug,Locality,Henrico,51087,No,933,74.6
0500000US51087,"Henrico County, Virginia",88480,6729,51087,4/10/2026,2023,All Drug,Locality,Henrico,51087,No,1131,74.9
0500000US51087,"Henrico County, Virginia",88480,6729,51087,4/10/2026,2023,Stimulant,Locality,Henrico,51087,No,62,4.1
0500000US51107,"Loudoun County, Virginia",113766,3652,51107,4/10/2026,2026,Stimulant,Locality,Loudoun,51107,No,1,0.4
0500000US51107,"Loudoun County, Virginia",113766,3652,51107,4/10/2026,2025,Stimulant,Locality,Loudoun,51107,No,12,1
0500000US51107,"Loudoun County, Virginia",113766,3652,51107,4/10/2026,2024,Stimulant,Locality,Loudoun,51107,No,9,0.8
0500000US51107,"Loudoun County, Virginia",113766,3652,51107,4/10/2026,2022,Stimulant,Locality,Loudoun,51107,No,7,0.6
0500000US51107,"Loudoun County, Virginia",113766,3652,51107,4/10/2026,2021,Stimulant,Locality,Loudoun,51107,No,18,1.9
0500000US51107,"Loudoun County, Virginia",113766,3652,51107,4/10/2026,2026,Opioid,Locality,Loudoun,51107,No,33,11.7
0500000US51107,"Loudoun County, Virginia",113766,3652,51107,4/10/2026,2025,Opioid,Locality,Loudoun,51107,No,144,11.7
0500000US51107,"Loudoun County, Virginia",113766,3652,51107,4/10/2026,2024,Opioid,Locality,Loudoun,51107,No,152,12.9
0500000US51107,"Loudoun County, Virginia",113766,3652,51107,4/10/2026,2022,Opioid,Locality,Loudoun,51107,No,161,14.8
0500000US51107,"Loudoun County, Virginia",113766,3652,51107,4/10/2026,2026,Heroin,Locality,Loudoun,51107,No,0,0
0500000US51107,"Loudoun County, Virginia",113766,3652,51107,4/10/2026,2025,Heroin,Locality,Loudoun,51107,No,0,0
0500000US51107,"Loudoun County, Virginia",113766,3652,51107,4/10/2026,2024,Heroin,Locality,Loudoun,51107,No,0,0
0500000US51107,"Loudoun County, Virginia",113766,3652,51107,4/10/2026,2023,Heroin,Locality,Loudoun,51107,No,1,0.1
0500000US51107,"Loudoun County, Virginia",113766,3652,51107,4/10/2026,2022,Heroin,Locality,Loudoun,51107,No,3,0.3
0500000US51107,"Loudoun County, Virginia",113766,3652,51107,4/10/2026,2026,All Drug,Locality,Loudoun,51107,No,100,35.5
0500000US51107,"Loudoun County, Virginia",113766,3652,51107,4/10/2026,2025,All Drug,Locality,Loudoun,51107,No,411,33.4
0500000US51107,"Loudoun County, Virginia",113766,3652,51107,4/10/2026,2024,All Drug,Locality,Loudoun,51107,No,450,38.1
0500000US51107,"Loudoun County, Virginia",113766,3652,51107,4/10/2026,2021,All Drug,Locality,Loudoun,51107,No,446,46
0500000US51107,"Loudoun County, Virginia",113766,3652,51107,4/10/2026,2023,All Drug,Locality,Loudoun,51107,No,499,43.7
0500000US51107,"Loudoun County, Virginia",113766,3652,51107,4/10/2026,2021,Heroin,Locality,Loudoun,51107,No,9,0.9
0500000US51107,"Loudoun County, Virginia",113766,3652,51107,4/10/2026,2023,Opioid,Locality,Loudoun,51107,No,197,17.3
0500000US51107,"Loudoun County, Virginia",113766,3652,51107,4/10/2026,2023,Stimulant,Locality,Loudoun,51107,No,12,1.1
0500000US51107,"Loudoun County, Virginia",113766,3652,51107,4/10/2026,2021,Opioid,Locality,Loudoun,51107,No,189,19.5
0500000US51107,"Loudoun County, Virginia",113766,3652,51107,4/10/2026,2022,All Drug,Locality,Loudoun,51107,No,498,45.6
0500000US51153,"Prince William County, Virginia",121628,5961,51153,4/10/2026,2026,Stimulant,Locality,"Prince William County, Manassas City, and Manassas Park City",51153,Yes,3,0.7
0500000US51153,"Prince William County, Virginia",121628,5961,51153,4/10/2026,2025,Stimulant,Locality,"Prince William County, Manassas City, and Manassas Park City",51153,Yes,13,0.7
0500000US51153,"Prince William County, Virginia",121628,5961,51153,4/10/2026,2024,Stimulant,Locality,"Prince William County, Manassas City, and Manassas Park City",51153,Yes,20,1.1
0500000US51153,"Prince William County, Virginia",121628,5961,51153,4/10/2026,2023,Stimulant,Locality,"Prince William County, Manassas City, and Manassas Park City",51153,Yes,17,0.9
0500000US51153,"Prince William County, Virginia",121628,5961,51153,4/10/2026,2022,Stimulant,Locality,"Prince William County, Manassas City, and Manassas Park City",51153,Yes,22,1.3
0500000US51153,"Prince William County, Virginia",121628,5961,51153,4/10/2026,2026,Opioid,Locality,"Prince William County, Manassas City, and Manassas Park City",51153,Yes,64,14.2
0500000US51153,"Prince William County, Virginia",121628,5961,51153,4/10/2026,2025,Opioid,Locality,"Prince William County, Manassas City, and Manassas Park City",51153,Yes,286,15.3
0500000US51153,"Prince William County, Virginia",121628,5961,51153,4/10/2026,2021,Opioid,Locality,"Prince William County, Manassas City, and Manassas Park City",51153,Yes,395,26.1
0500000US51153,"Prince William County, Virginia",121628,5961,51153,4/10/2026,2026,Heroin,Locality,"Prince William County, Manassas City, and Manassas Park City",51153,Yes,0,0
0500000US51153,"Prince William County, Virginia",121628,5961,51153,4/10/2026,2023,Heroin,Locality,"Prince William County, Manassas City, and Manassas Park City",51153,Yes,8,0.4
0500000US51153,"Prince William County, Virginia",121628,5961,51153,4/10/2026,2022,Heroin,Locality,"Prince William County, Manassas City, and Manassas Park City",51153,Yes,18,1.1
0500000US51153,"Prince William County, Virginia",121628,5961,51153,4/10/2026,2021,Heroin,Locality,"Prince William County, Manassas City, and Manassas Park City",51153,Yes,23,1.5
0500000US51153,"Prince William County, Virginia",121628,5961,51153,4/10/2026,2025,All Drug,Locality,"Prince William County, Manassas City, and Manassas Park City",51153,Yes,640,34.2
0500000US51153,"Prince William County, Virginia",121628,5961,51153,4/10/2026,2024,All Drug,Locality,"Prince William County, Manassas City, and Manassas Park City",51153,Yes,638,34.5
0500000US51153,"Prince William County, Virginia",121628,5961,51153,4/10/2026,2023,All Drug,Locality,"Prince William County, Manassas City, and Manassas Park City",51153,Yes,735,40.9
0500000US51153,"Prince William County, Virginia",121628,5961,51153,4/10/2026,2021,All Drug,Locality,"Prince William County, Manassas City, and Manassas Park City",51153,Yes,794,52.4
0500000US51153,"Prince William County, Virginia",121628,5961,51153,4/10/2026,2024,Heroin,Locality,"Prince William County, Manassas City, and Manassas Park City",51153,Yes,2,0.1
0500000US51153,"Prince William County, Virginia",121628,5961,51153,4/10/2026,2023,Opioid,Locality,"Prince William County, Manassas City, and Manassas Park City",51153,Yes,355,19.7
0500000US51153,"Prince William County, Virginia",121628,5961,51153,4/10/2026,2022,All Drug,Locality,"Prince William County, Manassas City, and Manassas Park City",51153,Yes,827,49.3
0500000US51153,"Prince William County, Virginia",121628,5961,51153,4/10/2026,2021,Stimulant,Locality,"Prince William County, Manassas City, and Manassas Park City",51153,Yes,16,1.1
0500000US51153,"Prince William County, Virginia",121628,5961,51153,4/10/2026,2022,Opioid,Locality,"Prince William County, Manassas City, and Manassas Park City",51153,Yes,387,23.1
0500000US51153,"Prince William County, Virginia",121628,5961,51153,4/10/2026,2024,Opioid,Locality,"Prince William County, Manassas City, and Manassas Park City",51153,Yes,281,15.2
0500000US51153,"Prince William County, Virginia",121628,5961,51153,4/10/2026,2026,All Drug,Locality,"Prince William County, Manassas City, and Manassas Park City",51153,Yes,138,30.6
0500000US51153,"Prince William County, Virginia",121628,5961,51153,4/10/2026,2025,Heroin,Locality,"Prince William County, Manassas City, and Manassas Park City",51153,Yes,*,0.1
0500000US51165,"Rockingham County, Virginia",24093,995,51165,4/10/2026,2026,Stimulant,Locality,Rockingham County and Harrisonburg City,51165,Yes,6,3.9
0500000US51165,"Rockingham County, Virginia",24093,995,51165,4/10/2026,2025,Stimulant,Locality,Rockingham County and Harrisonburg City,51165,Yes,10,1.6
0500000US51165,"Rockingham County, Virginia",24093,995,51165,4/10/2026,2024,Stimulant,Locality,Rockingham County and Harrisonburg City,51165,Yes,11,1.8
0500000US51165,"Rockingham County, Virginia",24093,995,51165,4/10/2026,2023,Stimulant,Locality,Rockingham County and Harrisonburg City,51165,Yes,6,1
0500000US51165,"Rockingham County, Virginia",24093,995,51165,4/10/2026,2022,Stimulant,Locality,Rockingham County and Harrisonburg City,51165,Yes,7,1.3
0500000US51165,"Rockingham County, Virginia",24093,995,51165,4/10/2026,2021,Stimulant,Locality,Rockingham County and Harrisonburg City,51165,Yes,5,1
0500000US51165,"Rockingham County, Virginia",24093,995,51165,4/10/2026,2026,Opioid,Locality,Rockingham County and Harrisonburg City,51165,Yes,23,15.1
0500000US51165,"Rockingham County, Virginia",24093,995,51165,4/10/2026,2025,Opioid,Locality,Rockingham County and Harrisonburg City,51165,Yes,90,14.7
0500000US51165,"Rockingham County, Virginia",24093,995,51165,4/10/2026,2024,Opioid,Locality,Rockingham County and Harrisonburg City,51165,Yes,60,9.9
0500000US51165,"Rockingham County, Virginia",24093,995,51165,4/10/2026,2025,Heroin,Locality,Rockingham County and Harrisonburg City,51165,Yes,*,0.3
0500000US51165,"Rockingham County, Virginia",24093,995,51165,4/10/2026,2024,Heroin,Locality,Rockingham County and Harrisonburg City,51165,Yes,0,0
0500000US51165,"Rockingham County, Virginia",24093,995,51165,4/10/2026,2023,Heroin,Locality,Rockingham County and Harrisonburg City,51165,Yes,5,0.9
0500000US51165,"Rockingham County, Virginia",24093,995,51165,4/10/2026,2022,Heroin,Locality,Rockingham County and Harrisonburg City,51165,Yes,12,2.3
0500000US51165,"Rockingham County, Virginia",24093,995,51165,4/10/2026,2021,Heroin,Locality,Rockingham County and Harrisonburg City,51165,Yes,7,1.4
0500000US51165,"Rockingham County, Virginia",24093,995,51165,4/10/2026,2026,All Drug,Locality,Rockingham County and Harrisonburg City,51165,Yes,45,29.6
0500000US51165,"Rockingham County, Virginia",24093,995,51165,4/10/2026,2025,All Drug,Locality,Rockingham County and Harrisonburg City,51165,Yes,184,30.1
0500000US51165,"Rockingham County, Virginia",24093,995,51165,4/10/2026,2024,All Drug,Locality,Rockingham County and Harrisonburg City,51165,Yes,153,25.2
0500000US51165,"Rockingham County, Virginia",24093,995,51165,4/10/2026,2021,All Drug,Locality,Rockingham County and Harrisonburg City,51165,Yes,216,43.1
0500000US51165,"Rockingham County, Virginia",24093,995,51165,4/10/2026,2023,Opioid,Locality,Rockingham County and Harrisonburg City,51165,Yes,85,14.7
0500000US51165,"Rockingham County, Virginia",24093,995,51165,4/10/2026,2026,Heroin,Locality,Rockingham County and Harrisonburg City,51165,Yes,0,0
0500000US51165,"Rockingham County, Virginia",24093,995,51165,4/10/2026,2023,All Drug,Locality,Rockingham County and Harrisonburg City,51165,Yes,190,32.9
0500000US51165,"Rockingham County, Virginia",24093,995,51165,4/10/2026,2021,Opioid,Locality,Rockingham County and Harrisonburg City,51165,Yes,128,25.5
0500000US51165,"Rockingham County, Virginia",24093,995,51165,4/10/2026,2022,All Drug,Locality,Rockingham County and Harrisonburg City,51165,Yes,216,40.6
0500000US51165,"Rockingham County, Virginia",24093,995,51165,4/10/2026,2022,Opioid,Locality,Rockingham County and Harrisonburg City,51165,Yes,108,20.3
0500000US51177,"Spotsylvania County, Virginia",41049,2020,51177,4/10/2026,2026,Stimulant,Locality,Spotsylvania,51177,No,1,0.5
0500000US51177,"Spotsylvania County, Virginia",41049,2020,51177,4/10/2026,2025,Stimulant,Locality,Spotsylvania,51177,No,16,1.9
0500000US51177,"Spotsylvania County, Virginia",41049,2020,51177,4/10/2026,2023,Stimulant,Locality,Spotsylvania,51177,No,8,1.1
0500000US51177,"Spotsylvania County, Virginia",41049,2020,51177,4/10/2026,2021,Stimulant,Locality,Spotsylvania,51177,No,10,1.7
0500000US51177,"Spotsylvania County, Virginia",41049,2020,51177,4/10/2026,2026,Opioid,Locality,Spotsylvania,51177,No,13,6.5
0500000US51177,"Spotsylvania County, Virginia",41049,2020,51177,4/10/2026,2025,Opioid,Locality,Spotsylvania,51177,No,81,9.7
0500000US51177,"Spotsylvania County, Virginia",41049,2020,51177,4/10/2026,2024,Opioid,Locality,Spotsylvania,51177,No,90,11.1
0500000US51177,"Spotsylvania County, Virginia",41049,2020,51177,4/10/2026,2022,Opioid,Locality,Spotsylvania,51177,No,139,22.4
0500000US51177,"Spotsylvania County, Virginia",41049,2020,51177,4/10/2026,2021,Opioid,Locality,Spotsylvania,51177,No,168,28.8
0500000US51177,"Spotsylvania County, Virginia",41049,2020,51177,4/10/2026,2026,Heroin,Locality,Spotsylvania,51177,No,0,0
0500000US51177,"Spotsylvania County, Virginia",41049,2020,51177,4/10/2026,2025,Heroin,Locality,Spotsylvania,51177,No,*,0.2
0500000US51177,"Spotsylvania County, Virginia",41049,2020,51177,4/10/2026,2023,Heroin,Locality,Spotsylvania,51177,No,10,1.4
0500000US51177,"Spotsylvania County, Virginia",41049,2020,51177,4/10/2026,2021,Heroin,Locality,Spotsylvania,51177,No,27,4.6
0500000US51177,"Spotsylvania County, Virginia",41049,2020,51177,4/10/2026,2026,All Drug,Locality,Spotsylvania,51177,No,53,26.3
0500000US51177,"Spotsylvania County, Virginia",41049,2020,51177,4/10/2026,2025,All Drug,Locality,Spotsylvania,51177,No,230,27.6
0500000US51177,"Spotsylvania County, Virginia",41049,2020,51177,4/10/2026,2024,All Drug,Locality,Spotsylvania,51177,No,245,30.2
0500000US51177,"Spotsylvania County, Virginia",41049,2020,51177,4/10/2026,2023,All Drug,Locality,Spotsylvania,51177,No,314,43.5
0500000US51177,"Spotsylvania County, Virginia",41049,2020,51177,4/10/2026,2022,All Drug,Locality,Spotsylvania,51177,No,293,47.2
0500000US51177,"Spotsylvania County, Virginia",41049,2020,51177,4/10/2026,2021,All Drug,Locality,Spotsylvania,51177,No,365,62.7
0500000US51177,"Spotsylvania County, Virginia",41049,2020,51177,4/10/2026,2024,Heroin,Locality,Spotsylvania,51177,No,1,0.1
0500000US51177,"Spotsylvania County, Virginia",41049,2020,51177,4/10/2026,2022,Heroin,Locality,Spotsylvania,51177,No,18,2.9
0500000US51177,"Spotsylvania County, Virginia",41049,2020,51177,4/10/2026,2024,Stimulant,Locality,Spotsylvania,51177,No,9,1.1
0500000US51177,"Spotsylvania County, Virginia",41049,2020,51177,4/10/2026,2023,Opioid,Locality,Spotsylvania,51177,No,125,17.3
0500000US51177,"Spotsylvania County, Virginia",41049,2020,51177,4/10/2026,2022,Stimulant,Locality,Spotsylvania,51177,No,9,1.4
0500000US51550,"Chesapeake city, Virginia",66171,6368,51550,4/10/2026,2026,Stimulant,Locality,Chesapeake,51550,No,4,1.5
0500000US51550,"Chesapeake city, Virginia",66171,6368,51550,4/10/2026,2025,Stimulant,Locality,Chesapeake,51550,No,9,0.8
0500000US51550,"Chesapeake city, Virginia",66171,6368,51550,4/10/2026,2024,Stimulant,Locality,Chesapeake,51550,No,18,1.7
0500000US51550,"Chesapeake city, Virginia",66171,6368,51550,4/10/2026,2022,Stimulant,Locality,Chesapeake,51550,No,13,1.4
0500000US51550,"Chesapeake city, Virginia",66171,6368,51550,4/10/2026,2021,Stimulant,Locality,Chesapeake,51550,No,17,1.9
0500000US51550,"Chesapeake city, Virginia",66171,6368,51550,4/10/2026,2025,Opioid,Locality,Chesapeake,51550,No,236,21.9
0500000US51550,"Chesapeake city, Virginia",66171,6368,51550,4/10/2026,2024,Opioid,Locality,Chesapeake,51550,No,243,23
0500000US51550,"Chesapeake city, Virginia",66171,6368,51550,4/10/2026,2023,Opioid,Locality,Chesapeake,51550,No,340,33.7
0500000US51550,"Chesapeake city, Virginia",66171,6368,51550,4/10/2026,2022,Opioid,Locality,Chesapeake,51550,No,369,38.9
0500000US51550,"Chesapeake city, Virginia",66171,6368,51550,4/10/2026,2021,Opioid,Locality,Chesapeake,51550,No,299,33.2
0500000US51550,"Chesapeake city, Virginia",66171,6368,51550,4/10/2026,2026,Heroin,Locality,Chesapeake,51550,No,2,0.8
0500000US51550,"Chesapeake city, Virginia",66171,6368,51550,4/10/2026,2024,Heroin,Locality,Chesapeake,51550,No,26,2.5
0500000US51550,"Chesapeake city, Virginia",66171,6368,51550,4/10/2026,2022,Heroin,Locality,Chesapeake,51550,No,44,4.6
0500000US51550,"Chesapeake city, Virginia",66171,6368,51550,4/10/2026,2026,All Drug,Locality,Chesapeake,51550,No,92,35
0500000US51550,"Chesapeake city, Virginia",66171,6368,51550,4/10/2026,2025,All Drug,Locality,Chesapeake,51550,No,456,42.4
0500000US51550,"Chesapeake city, Virginia",66171,6368,51550,4/10/2026,2024,All Drug,Locality,Chesapeake,51550,No,477,45.2
0500000US51550,"Chesapeake city, Virginia",66171,6368,51550,4/10/2026,2022,All Drug,Locality,Chesapeake,51550,No,666,70.2
0500000US51550,"Chesapeake city, Virginia",66171,6368,51550,4/10/2026,2023,All Drug,Locality,Chesapeake,51550,No,590,58.4
0500000US51550,"Chesapeake city, Virginia",66171,6368,51550,4/10/2026,2021,All Drug,Locality,Chesapeake,51550,No,613,68
0500000US51550,"Chesapeake city, Virginia",66171,6368,51550,4/10/2026,2026,Opioid,Locality,Chesapeake,51550,No,52,19.8
0500000US51550,"Chesapeake city, Virginia",66171,6368,51550,4/10/2026,2023,Heroin,Locality,Chesapeake,51550,No,42,4.2
0500000US51550,"Chesapeake city, Virginia",66171,6368,51550,4/10/2026,2021,Heroin,Locality,Chesapeake,51550,No,72,8
0500000US51550,"Chesapeake city, Virginia",66171,6368,51550,4/10/2026,2025,Heroin,Locality,Chesapeake,51550,No,21,2
0500000US51550,"Chesapeake city, Virginia",66171,6368,51550,4/10/2026,2023,Stimulant,Locality,Chesapeake,51550,No,15,1.5
0500000US51650,"Hampton city, Virginia",34359,4135,51650,4/10/2026,2026,Stimulant,Locality,Hampton,51650,No,2,1.1
0500000US51650,"Hampton city, Virginia",34359,4135,51650,4/10/2026,2025,Stimulant,Locality,Hampton,51650,No,10,1.3
0500000US51650,"Hampton city, Virginia",34359,4135,51650,4/10/2026,2024,Stimulant,Locality,Hampton,51650,No,9,1.2
0500000US51650,"Hampton city, Virginia",34359,4135,51650,4/10/2026,2023,Stimulant,Locality,Hampton,51650,No,10,1.4
0500000US51650,"Hampton city, Virginia",34359,4135,51650,4/10/2026,2021,Stimulant,Locality,Hampton,51650,No,3,0.5
0500000US51650,"Hampton city, Virginia",34359,4135,51650,4/10/2026,2026,Opioid,Locality,Hampton,51650,No,23,12.1
0500000US51650,"Hampton city, Virginia",34359,4135,51650,4/10/2026,2024,Opioid,Locality,Hampton,51650,No,155,20.2
0500000US51650,"Hampton city, Virginia",34359,4135,51650,4/10/2026,2023,Opioid,Locality,Hampton,51650,No,210,28.6
0500000US51650,"Hampton city, Virginia",34359,4135,51650,4/10/2026,2022,Opioid,Locality,Hampton,51650,No,192,27.2
0500000US51650,"Hampton city, Virginia",34359,4135,51650,4/10/2026,2021,Opioid,Locality,Hampton,51650,No,170,25.5
0500000US51650,"Hampton city, Virginia",34359,4135,51650,4/10/2026,2026,Heroin,Locality,Hampton,51650,No,1,0.5
0500000US51650,"Hampton city, Virginia",34359,4135,51650,4/10/2026,2024,Heroin,Locality,Hampton,51650,No,6,0.8
0500000US51650,"Hampton city, Virginia",34359,4135,51650,4/10/2026,2023,Heroin,Locality,Hampton,51650,No,15,2
0500000US51650,"Hampton city, Virginia",34359,4135,51650,4/10/2026,2022,Heroin,Locality,Hampton,51650,No,43,6.1
0500000US51650,"Hampton city, Virginia",34359,4135,51650,4/10/2026,2021,Heroin,Locality,Hampton,51650,No,53,8
0500000US51650,"Hampton city, Virginia",34359,4135,51650,4/10/2026,2026,All Drug,Locality,Hampton,51650,No,59,31.2
0500000US51650,"Hampton city, Virginia",34359,4135,51650,4/10/2026,2025,All Drug,Locality,Hampton,51650,No,280,37
0500000US51650,"Hampton city, Virginia",34359,4135,51650,4/10/2026,2023,All Drug,Locality,Hampton,51650,No,388,52.8
0500000US51650,"Hampton city, Virginia",34359,4135,51650,4/10/2026,2025,Heroin,Locality,Hampton,51650,No,7,0.9
0500000US51650,"Hampton city, Virginia",34359,4135,51650,4/10/2026,2021,All Drug,Locality,Hampton,51650,No,378,56.8
0500000US51650,"Hampton city, Virginia",34359,4135,51650,4/10/2026,2022,Stimulant,Locality,Hampton,51650,No,3,0.4
0500000US51650,"Hampton city, Virginia",34359,4135,51650,4/10/2026,2025,Opioid,Locality,Hampton,51650,No,113,15
0500000US51650,"Hampton city, Virginia",34359,4135,51650,4/10/2026,2024,All Drug,Locality,Hampton,51650,No,297,38.7
0500000US51650,"Hampton city, Virginia",34359,4135,51650,4/10/2026,2022,All Drug,Locality,Hampton,51650,No,370,52.5
0500000US51700,"Newport News city, Virginia",43142,2943,51700,4/10/2026,2026,Stimulant,Locality,Newport News,51700,No,1,0.4
0500000US51700,"Newport News city, Virginia",43142,2943,51700,4/10/2026,2025,Stimulant,Locality,Newport News,51700,No,8,0.7
0500000US51700,"Newport News city, Virginia",43142,2943,51700,4/10/2026,2024,Stimulant,Locality,Newport News,51700,No,16,1.4
0500000US51700,"Newport News city, Virginia",43142,2943,51700,4/10/2026,2023,Stimulant,Locality,Newport News,51700,No,9,0.8
0500000US51700,"Newport News city, Virginia",43142,2943,51700,4/10/2026,2021,Stimulant,Locality,Newport News,51700,No,14,1.4
0500000US51700,"Newport News city, Virginia",43142,2943,51700,4/10/2026,2026,Opioid,Locality,Newport News,51700,No,40,14.2
0500000US51700,"Newport News city, Virginia",43142,2943,51700,4/10/2026,2025,Opioid,Locality,Newport News,51700,No,190,16.9
0500000US51700,"Newport News city, Virginia",43142,2943,51700,4/10/2026,2024,Opioid,Locality,Newport News,51700,No,276,24.5
0500000US51700,"Newport News city, Virginia",43142,2943,51700,4/10/2026,2023,Opioid,Locality,Newport News,51700,No,350,32.2
0500000US51700,"Newport News city, Virginia",43142,2943,51700,4/10/2026,2022,Opioid,Locality,Newport News,51700,No,376,35.9
0500000US51700,"Newport News city, Virginia",43142,2943,51700,4/10/2026,2026,Heroin,Locality,Newport News,51700,No,0,0
0500000US51700,"Newport News city, Virginia",43142,2943,51700,4/10/2026,2025,Heroin,Locality,Newport News,51700,No,6,0.5
0500000US51700,"Newport News city, Virginia",43142,2943,51700,4/10/2026,2024,Heroin,Locality,Newport News,51700,No,12,1.1
0500000US51700,"Newport News city, Virginia",43142,2943,51700,4/10/2026,2021,Heroin,Locality,Newport News,51700,No,61,6.1
0500000US51700,"Newport News city, Virginia",43142,2943,51700,4/10/2026,2026,All Drug,Locality,Newport News,51700,No,85,30.1
0500000US51700,"Newport News city, Virginia",43142,2943,51700,4/10/2026,2024,All Drug,Locality,Newport News,51700,No,542,48.1
0500000US51700,"Newport News city, Virginia",43142,2943,51700,4/10/2026,2023,All Drug,Locality,Newport News,51700,No,612,56.4
0500000US51700,"Newport News city, Virginia",43142,2943,51700,4/10/2026,2022,All Drug,Locality,Newport News,51700,No,689,65.8
0500000US51700,"Newport News city, Virginia",43142,2943,51700,4/10/2026,2021,All Drug,Locality,Newport News,51700,No,660,65.9
0500000US51700,"Newport News city, Virginia",43142,2943,51700,4/10/2026,2022,Stimulant,Locality,Newport News,51700,No,7,0.7
0500000US51700,"Newport News city, Virginia",43142,2943,51700,4/10/2026,2022,Heroin,Locality,Newport News,51700,No,46,4.4
0500000US51700,"Newport News city, Virginia",43142,2943,51700,4/10/2026,2025,All Drug,Locality,Newport News,51700,No,404,36
0500000US51700,"Newport News city, Virginia",43142,2943,51700,4/10/2026,2023,Heroin,Locality,Newport News,51700,No,39,3.6
0500000US51700,"Newport News city, Virginia",43142,2943,51700,4/10/2026,2021,Opioid,Locality,Newport News,51700,No,340,34
0500000US51710,"Norfolk city, Virginia",50685,5140,51710,4/10/2026,2026,Stimulant,Locality,Norfolk,51710,No,3,0.9
0500000US51710,"Norfolk city, Virginia",50685,5140,51710,4/10/2026,2025,Stimulant,Locality,Norfolk,51710,No,19,1.3
0500000US51710,"Norfolk city, Virginia",50685,5140,51710,4/10/2026,2024,Stimulant,Locality,Norfolk,51710,No,17,1.2
0500000US51710,"Norfolk city, Virginia",50685,5140,51710,4/10/2026,2023,Stimulant,Locality,Norfolk,51710,No,27,1.9
0500000US51710,"Norfolk city, Virginia",50685,5140,51710,4/10/2026,2022,Stimulant,Locality,Norfolk,51710,No,24,1.8
0500000US51710,"Norfolk city, Virginia",50685,5140,51710,4/10/2026,2021,Stimulant,Locality,Norfolk,51710,No,15,1.2
0500000US51710,"Norfolk city, Virginia",50685,5140,51710,4/10/2026,2026,Opioid,Locality,Norfolk,51710,No,58,16.8
0500000US51710,"Norfolk city, Virginia",50685,5140,51710,4/10/2026,2025,Opioid,Locality,Norfolk,51710,No,283,19.8
0500000US51710,"Norfolk city, Virginia",50685,5140,51710,4/10/2026,2024,Opioid,Locality,Norfolk,51710,No,388,27.1
0500000US51710,"Norfolk city, Virginia",50685,5140,51710,4/10/2026,2022,Opioid,Locality,Norfolk,51710,No,549,40.7
0500000US51710,"Norfolk city, Virginia",50685,5140,51710,4/10/2026,2021,Opioid,Locality,Norfolk,51710,No,404,31.4
0500000US51710,"Norfolk city, Virginia",50685,5140,51710,4/10/2026,2026,Heroin,Locality,Norfolk,51710,No,4,1.2
0500000US51710,"Norfolk city, Virginia",50685,5140,51710,4/10/2026,2025,Heroin,Locality,Norfolk,51710,No,56,3.9
0500000US51710,"Norfolk city, Virginia",50685,5140,51710,4/10/2026,2024,Heroin,Locality,Norfolk,51710,No,73,5.1
0500000US51710,"Norfolk city, Virginia",50685,5140,51710,4/10/2026,2023,Heroin,Locality,Norfolk,51710,No,96,6.9
0500000US51710,"Norfolk city, Virginia",50685,5140,51710,4/10/2026,2022,Heroin,Locality,Norfolk,51710,No,168,12.5
0500000US51710,"Norfolk city, Virginia",50685,5140,51710,4/10/2026,2021,Heroin,Locality,Norfolk,51710,No,179,13.9
0500000US51710,"Norfolk city, Virginia",50685,5140,51710,4/10/2026,2026,All Drug,Locality,Norfolk,51710,No,123,35.5
0500000US51710,"Norfolk city, Virginia",50685,5140,51710,4/10/2026,2025,All Drug,Locality,Norfolk,51710,No,655,45.8
0500000US51710,"Norfolk city, Virginia",50685,5140,51710,4/10/2026,2024,All Drug,Locality,Norfolk,51710,No,763,53.3
0500000US51710,"Norfolk city, Virginia",50685,5140,51710,4/10/2026,2022,All Drug,Locality,Norfolk,51710,No,1086,80.6
0500000US51710,"Norfolk city, Virginia",50685,5140,51710,4/10/2026,2023,All Drug,Locality,Norfolk,51710,No,1062,75.9
0500000US51710,"Norfolk city, Virginia",50685,5140,51710,4/10/2026,2021,All Drug,Locality,Norfolk,51710,No,883,68.5
0500000US51710,"Norfolk city, Virginia",50685,5140,51710,4/10/2026,2023,Opioid,Locality,Norfolk,51710,No,627,44.8
0500000US51740,"Portsmouth city, Virginia",23262,2201,51740,4/10/2026,2026,Stimulant,Locality,Portsmouth,51740,No,0,0
0500000US51740,"Portsmouth city, Virginia",23262,2201,51740,4/10/2026,2025,Stimulant,Locality,Portsmouth,51740,No,12,1.6
0500000US51740,"Portsmouth city, Virginia",23262,2201,51740,4/10/2026,2023,Stimulant,Locality,Portsmouth,51740,No,12,1.7
0500000US51740,"Portsmouth city, Virginia",23262,2201,51740,4/10/2026,2022,Stimulant,Locality,Portsmouth,51740,No,17,2.4
0500000US51740,"Portsmouth city, Virginia",23262,2201,51740,4/10/2026,2026,Opioid,Locality,Portsmouth,51740,No,66,36.2
0500000US51740,"Portsmouth city, Virginia",23262,2201,51740,4/10/2026,2025,Opioid,Locality,Portsmouth,51740,No,277,37.6
0500000US51740,"Portsmouth city, Virginia",23262,2201,51740,4/10/2026,2024,Opioid,Locality,Portsmouth,51740,No,363,48.7
0500000US51740,"Portsmouth city, Virginia",23262,2201,51740,4/10/2026,2023,Opioid,Locality,Portsmouth,51740,No,583,80.3
0500000US51740,"Portsmouth city, Virginia",23262,2201,51740,4/10/2026,2022,Opioid,Locality,Portsmouth,51740,No,563,81.1
0500000US51740,"Portsmouth city, Virginia",23262,2201,51740,4/10/2026,2021,Opioid,Locality,Portsmouth,51740,No,425,63.3
0500000US51740,"Portsmouth city, Virginia",23262,2201,51740,4/10/2026,2026,Heroin,Locality,Portsmouth,51740,No,5,2.7
0500000US51740,"Portsmouth city, Virginia",23262,2201,51740,4/10/2026,2025,Heroin,Locality,Portsmouth,51740,No,41,5.6
0500000US51740,"Portsmouth city, Virginia",23262,2201,51740,4/10/2026,2024,Heroin,Locality,Portsmouth,51740,No,56,7.5
0500000US51740,"Portsmouth city, Virginia",23262,2201,51740,4/10/2026,2022,Heroin,Locality,Portsmouth,51740,No,85,12.2
0500000US51740,"Portsmouth city, Virginia",23262,2201,51740,4/10/2026,2025,All Drug,Locality,Portsmouth,51740,No,465,63.1
0500000US51740,"Portsmouth city, Virginia",23262,2201,51740,4/10/2026,2024,All Drug,Locality,Portsmouth,51740,No,566,75.9
0500000US51740,"Portsmouth city, Virginia",23262,2201,51740,4/10/2026,2023,All Drug,Locality,Portsmouth,51740,No,863,118.8
0500000US51740,"Portsmouth city, Virginia",23262,2201,51740,4/10/2026,2022,All Drug,Locality,Portsmouth,51740,No,849,122.3
0500000US51740,"Portsmouth city, Virginia",23262,2201,51740,4/10/2026,2021,All Drug,Locality,Portsmouth,51740,No,710,105.8
0500000US51740,"Portsmouth city, Virginia",23262,2201,51740,4/10/2026,2024,Stimulant,Locality,Portsmouth,51740,No,11,1.5
0500000US51740,"Portsmouth city, Virginia",23262,2201,51740,4/10/2026,2023,Heroin,Locality,Portsmouth,51740,No,110,15.1
0500000US51740,"Portsmouth city, Virginia",23262,2201,51740,4/10/2026,2026,All Drug,Locality,Portsmouth,51740,No,105,57.5
0500000US51740,"Portsmouth city, Virginia",23262,2201,51740,4/10/2026,2021,Heroin,Locality,Portsmouth,51740,No,107,15.9
0500000US51740,"Portsmouth city, Virginia",23262,2201,51740,4/10/2026,2021,Stimulant,Locality,Portsmouth,51740,No,16,2.4
0500000US51760,"Richmond city, Virginia",49440,6291,51760,4/10/2026,2025,Stimulant,Locality,Richmond City,51760,No,108,6.4
0500000US51760,"Richmond city, Virginia",49440,6291,51760,4/10/2026,2024,Stimulant,Locality,Richmond City,51760,No,148,8.9
0500000US51760,"Richmond city, Virginia",49440,6291,51760,4/10/2026,2023,Stimulant,Locality,Richmond City,51760,No,134,8.3
0500000US51760,"Richmond city, Virginia",49440,6291,51760,4/10/2026,2022,Stimulant,Locality,Richmond City,51760,No,98,6.2
0500000US51760,"Richmond city, Virginia",49440,6291,51760,4/10/2026,2021,Stimulant,Locality,Richmond City,51760,No,134,8.9
0500000US51760,"Richmond city, Virginia",49440,6291,51760,4/10/2026,2026,Opioid,Locality,Richmond City,51760,No,110,27.3
0500000US51760,"Richmond city, Virginia",49440,6291,51760,4/10/2026,2025,Opioid,Locality,Richmond City,51760,No,669,39.9
0500000US51760,"Richmond city, Virginia",49440,6291,51760,4/10/2026,2024,Opioid,Locality,Richmond City,51760,No,720,43.2
0500000US51760,"Richmond city, Virginia",49440,6291,51760,4/10/2026,2023,Opioid,Locality,Richmond City,51760,No,1066,66.3
0500000US51760,"Richmond city, Virginia",49440,6291,51760,4/10/2026,2022,Opioid,Locality,Richmond City,51760,No,1072,68
0500000US51760,"Richmond city, Virginia",49440,6291,51760,4/10/2026,2021,Opioid,Locality,Richmond City,51760,No,1049,69.9
0500000US51760,"Richmond city, Virginia",49440,6291,51760,4/10/2026,2026,Heroin,Locality,Richmond City,51760,No,10,2.5
0500000US51760,"Richmond city, Virginia",49440,6291,51760,4/10/2026,2025,Heroin,Locality,Richmond City,51760,No,33,2
0500000US51760,"Richmond city, Virginia",49440,6291,51760,4/10/2026,2024,Heroin,Locality,Richmond City,51760,No,57,3.4
0500000US51760,"Richmond city, Virginia",49440,6291,51760,4/10/2026,2023,Heroin,Locality,Richmond City,51760,No,108,6.7
0500000US51760,"Richmond city, Virginia",49440,6291,51760,4/10/2026,2022,Heroin,Locality,Richmond City,51760,No,165,10.5
0500000US51760,"Richmond city, Virginia",49440,6291,51760,4/10/2026,2021,Heroin,Locality,Richmond City,51760,No,211,14.1
0500000US51760,"Richmond city, Virginia",49440,6291,51760,4/10/2026,2024,All Drug,Locality,Richmond City,51760,No,1357,81.4
0500000US51760,"Richmond city, Virginia",49440,6291,51760,4/10/2026,2023,All Drug,Locality,Richmond City,51760,No,1734,107.9
0500000US51760,"Richmond city, Virginia",49440,6291,51760,4/10/2026,2022,All Drug,Locality,Richmond City,51760,No,1754,111.3
0500000US51760,"Richmond city, Virginia",49440,6291,51760,4/10/2026,2026,All Drug,Locality,Richmond City,51760,No,208,51.5
0500000US51760,"Richmond city, Virginia",49440,6291,51760,4/10/2026,2025,All Drug,Locality,Richmond City,51760,No,1168,69.6
0500000US51760,"Richmond city, Virginia",49440,6291,51760,4/10/2026,2026,Stimulant,Locality,Richmond City,51760,No,26,6.4
0500000US51760,"Richmond city, Virginia",49440,6291,51760,4/10/2026,2021,All Drug,Locality,Richmond City,51760,No,1719,114.6
0500000US51810,"Virginia Beach city, Virginia",117920,6490,51810,4/10/2026,2025,Stimulant,Locality,Virginia Beach,51810,No,12,0.6
0500000US51810,"Virginia Beach city, Virginia",117920,6490,51810,4/10/2026,2024,Stimulant,Locality,Virginia Beach,51810,No,29,1.5
0500000US51810,"Virginia Beach city, Virginia",117920,6490,51810,4/10/2026,2023,Stimulant,Locality,Virginia Beach,51810,No,14,0.8
0500000US51810,"Virginia Beach city, Virginia",117920,6490,51810,4/10/2026,2022,Stimulant,Locality,Virginia Beach,51810,No,17,1
0500000US51810,"Virginia Beach city, Virginia",117920,6490,51810,4/10/2026,2021,Stimulant,Locality,Virginia Beach,51810,No,17,1
0500000US51810,"Virginia Beach city, Virginia",117920,6490,51810,4/10/2026,2026,Opioid,Locality,Virginia Beach,51810,No,78,15.3
0500000US51810,"Virginia Beach city, Virginia",117920,6490,51810,4/10/2026,2025,Opioid,Locality,Virginia Beach,51810,No,275,13.9
0500000US51810,"Virginia Beach city, Virginia",117920,6490,51810,4/10/2026,2024,Opioid,Locality,Virginia Beach,51810,No,353,18.1
0500000US51810,"Virginia Beach city, Virginia",117920,6490,51810,4/10/2026,2023,Opioid,Locality,Virginia Beach,51810,No,411,22.2
0500000US51810,"Virginia Beach city, Virginia",117920,6490,51810,4/10/2026,2026,Heroin,Locality,Virginia Beach,51810,No,7,1.4
0500000US51810,"Virginia Beach city, Virginia",117920,6490,51810,4/10/2026,2024,Heroin,Locality,Virginia Beach,51810,No,24,1.2
0500000US51810,"Virginia Beach city, Virginia",117920,6490,51810,4/10/2026,2023,Heroin,Locality,Virginia Beach,51810,No,48,2.6
0500000US51810,"Virginia Beach city, Virginia",117920,6490,51810,4/10/2026,2022,Heroin,Locality,Virginia Beach,51810,No,69,3.9
0500000US51810,"Virginia Beach city, Virginia",117920,6490,51810,4/10/2026,2021,Heroin,Locality,Virginia Beach,51810,No,125,7.6
0500000US51810,"Virginia Beach city, Virginia",117920,6490,51810,4/10/2026,2026,All Drug,Locality,Virginia Beach,51810,No,188,36.8
0500000US51810,"Virginia Beach city, Virginia",117920,6490,51810,4/10/2026,2025,All Drug,Locality,Virginia Beach,51810,No,693,34.9
0500000US51810,"Virginia Beach city, Virginia",117920,6490,51810,4/10/2026,2024,All Drug,Locality,Virginia Beach,51810,No,844,43.4
0500000US51810,"Virginia Beach city, Virginia",117920,6490,51810,4/10/2026,2023,All Drug,Locality,Virginia Beach,51810,No,873,47.2
0500000US51810,"Virginia Beach city, Virginia",117920,6490,51810,4/10/2026,2022,All Drug,Locality,Virginia Beach,51810,No,892,50.6
0500000US51810,"Virginia Beach city, Virginia",117920,6490,51810,4/10/2026,2021,All Drug,Locality,Virginia Beach,51810,No,935,56.5
0500000US51810,"Virginia Beach city, Virginia",117920,6490,51810,4/10/2026,2026,Stimulant,Locality,Virginia Beach,51810,No,1,0.2
0500000US51810,"Virginia Beach city, Virginia",117920,6490,51810,4/10/2026,2025,Heroin,Locality,Virginia Beach,51810,No,18,0.9
0500000US51810,"Virginia Beach city, Virginia",117920,6490,51810,4/10/2026,2021,Opioid,Locality,Virginia Beach,51810,No,384,23.2
0500000US51810,"Virginia Beach city, Virginia",117920,6490,51810,4/10/2026,2022,Opioid,Locality,Virginia Beach,51810,No,411,23.3
